"Cyberincidentnum","Dyadpair","StateA","StateB","Name","interactionstartdate","interactionenddate","method","targettype","initiator","cyber_objective","information_operation","objective_achievement","Concession","3rdpartyinitiator","severity","damage type","Crit Inf","Supply Ch","Ransomware","Political Objective","Sources1","Sources2","Sources3","Sources4","Sources5","Justice","Cert","FBI"
1,2365,"US","Russia","Regin malware campaign",2008-02-01,2011-03-01,3,2,2,3,0,1,0,1,4,2,13,1,0,"Publically available sources claim that Reign malware sophisticated NSA backdoor, known to have infected Russian government networks and steal sensitive information","https://www.symantec.com/content/dam/symantec/docs/security-center/white-papers/regin-top-tier-espionage-tool-15-en.pdf","https://www.zdnet.com/article/infamous-regin-malware-linked-to-spy-tools-used-by-nsa-five-eyes-intelligence/","https://www.spiegel.de/international/world/regin-malware-unmasked-as-nsa-tool-after-spiegel-publishes-source-code-a-1015255.html",NA,NA,NA,NA,NA
2,2365,"US","Russia","QWERTY keystroke log",2008-02-01,2011-03-11,4.4,2,2,2,0,1,0,1,4,2,3,1,0,"Publically available sources claim that Part of the Reign campaign, this sophisticated keystroke program was able to steal passwords and access secure networks","https://www.csoonline.com/article/2875739/microsoft-subnet/researchers-link-qwerty-keylogger-code-to-nsa-and-five-eyes-regin-espionage-malware.html","https://www.zdnet.com/article/infamous-regin-malware-linked-to-spy-tools-used-by-nsa-five-eyes-intelligence/","https://www.networkworld.com/article/2876113/link-between-nsa-and-regin-cyberespionage-malware-becomes-clearer.html",NA,NA,NA,NA,NA
3,2365,"US","Russia","Duke Series_A",2008-04-08,2015-09-17,4.2,2,365,3,0,1,0,0,4,2,11,1,0,"Access networks of geopolitical interest to Russia","https://www.f-secure.com/documents/996508/1030745/dukes_whitepaper.pdf",NA,NA,NA,NA,NA,NA,NA
4,2365,"US","Russia","US govt employee in Georgia hacked",2008-08-06,2008-08-12,4.2,2,365,1,1,1,0,0,3,1,13,0,0,"To distract US diplomats in Tiblisi during the Five Day Russo-Georgian War of 2008.","http://www.ismlab.usf.edu/isec/files/Georgia-Cyber-Attack-NATO-Aug-2008.pdf","https://www.wired.com/2008/08/georgia-under-o/",NA,NA,NA,NA,NA,NA
5,2365,"US","Russia","Agent.bz/CENTCOM",2008-10-01,2008-10-15,3,3,365,3,0,1,0,0,4,1,6,0,0,"Retaliation for the US missile defense system in Europe; penetrate US defense networks","https://www.wired.com/2010/08/insiders-doubt-2008-pentagon-hack-was-foreign-spy-attack/",NA,NA,NA,NA,NA,NA,NA
7,2365,"US","Russia","Sandworm_A",2009-01-01,2014-10-14,3,2,365,3,0,1,0,0,4,2,1,0,0,"Network intrusion (zero day exploit)","https://www.wired.com/story/russian-hacking-teams-infrastructure/","https://news.sky.com/story/russia-cyber-attacks-what-we-know-so-far-11517151",NA,NA,NA,NA,NA,NA
8,2365,"US","Russia","Power grid hacked, traced to Russia",2009-08-24,2009-08-24,4.2,1,365,4,0,0,0,1,1,1,8,1,0,"To seek a potential vulnerability, or weak point, in the US power grid to exploit, Capability demonstration","https://www.bbc.com/news/technology-44937787","https://www.nytimes.com/2018/07/27/us/politics/russian-hackers-electric-grid-elections-.html",NA,NA,NA,NA,NA,NA
9,2365,"US","Russia","Russian Info Swipe_A",2011-01-01,2014-07-01,3,1,365,2,0,1,0,0,3,2,8,1,0,"Russia hacks and steals sensitive information from defense contractors in US and Canada and multiple oil company Exxon Mobi and UK's BP","https://www.symantec.com/blogs/threat-intelligence/dragonfly-energy-sector-cyber-attacks",NA,NA,NA,NA,NA,NA,NA
10,2365,"US","Russia","Yahoo breach 2",2013-08-01,2016-12-15,3,1,365,3,0,1,0,0,3,2,13,0,0,"3 billion PII stolen, separate from 2014 breach","https://www.nytimes.com/2017/10/03/technology/yahoo-hack-3-billion-users.html","https://www.wired.com/story/yahoo-breach-three-billion-accounts/",NA,NA,NA,NA,NA,NA
11,2365,"US","Russia","Operation Pawn Storm/World Doping Agency",2013-09-30,2014-10-22,3,2,365,2,1,1,0,0,4,2,11,0,0,"Trojan campaign against Blackwater, State Dept, and SAIC","https://www.trendmicro.com/vinfo/us/security/news/cyber-attacks/operation-pawn-storm-fast-facts","https://blog.trendmicro.com/trendlabs-security-intelligence/tag/operation-pawn-storm/",NA,NA,NA,NA,NA,NA
12,2365,"US","Russia","CyberBerkut NATO Websites_A",2014-03-15,2014-03-26,2,3,365,1,1,1,0,0,2,1,11,0,0,"Signal NATO members to avoid intervention in Ukraine","https://www.reuters.com/article/us-ukraine-nato/nato-websites-hit-in-cyber-attack-linked-to-crimea-tension-idUSBREA2E0T320140316","https://www.ft.com/content/b822d5cc-ace6-11e3-8ba3-00144feab7de",NA,NA,NA,NA,NA,NA
13,2365,"US","Russia","Operation Pawn Storm: military networks (fake OWA)",2014-06-02,2015-02-01,3,3,365,2,1,1,0,0,4,2,6,1,0,"Backdoor intrusion in to military networks via spear phishing","https://blog.trendmicro.com/trendlabs-security-intelligence/update-pawn-storm-new-targets-politically-motivated-campaigns/","https://fcw.com/articles/2017/04/25/critical-trendmicro-pawn-storm.aspx",NA,NA,NA,NA,NA,NA
14,2365,"US","Russia","Operation Pawn Storm: Nuclear power plants, newspapers",2014-06-03,2014-12-01,3,1,365,2,1,1,0,0,4,2,3,0,0,"Backdoor intrusion in to several commercial networks via spear phishing","https://blog.trendmicro.com/trendlabs-security-intelligence/update-pawn-storm-new-targets-politically-motivated-campaigns/","https://fcw.com/articles/2017/04/25/critical-trendmicro-pawn-storm.aspx","https://www.computerworld.com/article/2837824/cyberespionage-group-goes-phishing-for-outlook-web-app-users.ht",NA,NA,NA,NA,NA
15,2365,"US","Russia","US Banks hacked",2014-06-04,2014-07-08,3,1,365,1,0,0,0,0,3,2,9,0,0,"Seen as a retaliation on US targeted sanctions on Russians over the Ukraine conflcit","https://www.americanbanker.com/articles/us-banks-caught-up-in-hacking-scheme-tied-to-russians","https://www.nytimes.com/2014/08/28/technology/hackers-target-banks-including-jpmorgan.html",NA,NA,NA,NA,NA,NA
16,2365,"US","Russia","White House hack",2014-10-26,2014-10-28,3,2,365,2,0,1,0,0,3,2,11,0,0,"White House email server compromised, inclduing President Obama's","https://www.washingtonpost.com/world/national-security/hackers-breach-some-white-house-computers/2014/10/28/2ddf2fa0-5ef7-11e4-91f7-5d89b5e8c251_story.html?utm_term=.0195817c8032","https://www.nytimes.com/2015/04/26/us/russian-hackers-read-obamas-unclassified-emails-officials-say.html",NA,NA,NA,NA,NA,NA
17,2365,"US","Russia","State Dept hack",2014-11-15,2014-11-17,3,2,365,2,0,0,0,0,3,2,11,0,0,"State Dept unclassified email system breached and contained","https://www.washingtonpost.com/world/national-security/new-details-emerge-about-2014-russian-hack-of-the-state-department-it-was-hand-to-hand-combat/2017/04/03/d89168e0-124c-11e7-833c-503e1f6394c9_story.html?utm_term=.d19a9fb4a985","https://arstechnica.com/tech-policy/2017/04/russias-hack-of-state-department-was-hand-to-hand-combat/",NA,NA,NA,NA,NA,NA
18,2365,"US","Russia","Yahoo breach 1",2014-11-22,2016-09-22,3,1,365,3,0,1,0,0,3,2,13,1,0,"500 million Yahoo users' PII stolen by Russian hacking group","https://www.nytimes.com/2016/09/23/technology/yahoo-hackers.html","https://slate.com/technology/2016/09/yahoo-hack-in-2014-exposed-500-million-user-credentials-company-confirms.html",NA,NA,NA,NA,NA,NA
49,2630,"US","Iran","Snowglobe",2008-04-02,2011-12-01,3,2,2,3,0,0,0,1,4,2,17,1,0,"Publically available sources claim that NSA targets several high profile targets in Iran, including the foreign ministry, the Atomic Energy Organization of Iran, and several universities conducting nuclear research","https://www.cybereason.com/blog/operation-snowglobe, https://resources.infosecinstitute.com/topic/animal-farm-apt-and-the-shadow-of-france-intelligence/, https://www.eff.org/files/2015/01/28/20150117-spiegel-nsa_example_snowglobe_in_which_a_suspected_french_government_trojan_is_analyzed_to_find_out_if_it_can_be_helpful_for_own_interests_0.pdf",NA,NA,NA,NA,NA,NA,NA
53,2630,"US","Iran","Iran network infiltration",2010-03-14,2010-03-14,3,2,2,3,0,1,0,0,3,2,11,0,0,"Publically available sources claim that  Test of vulnerabilities of Iranian secure networks, precursor to Stuxnet","http://www.cnn.com/2010/WORLD/meast/03/13/iran.cyber.arrests/index.html, https://www.washingtonpost.com/world/national-security/an-american-is-caught-in-irans-spy-game/2012/01/23/gIQAw8Z3LQ_story.html?noredirect=on&utm_term=.aa9740e4a90e",NA,NA,NA,NA,NA,NA,NA
54,2630,"US","Iran","Comodo Hack",2011-03-25,2011-03-27,3,1,630,2,1,0,0,0,1,1,13,1,0,"Iranian state attack on US security company Comodo to trick employees and access sensistive information","https://www.cnet.com/news/comodo-hack-may-reshape-browser-security/","https://www.wired.com/2011/03/comodo-hack/",NA,NA,NA,NA,NA,NA
55,2630,"US","Iran","Operation Newscaster",2011-04-15,2013-05-26,3,1,630,2,0,1,1,0,2,2,2,0,0,"Theft of information from various news outlets through social media","https://www.reuters.com/article/iran-hackers-idUSL1N0OE2CU20140529","https://securityaffairs.co/wordpress/25355/hacking/iranian-hackers-social-media.html",NA,NA,NA,NA,NA,NA
56,2630,"US","Iran","Duqu_A",2011-09-11,2011-12-01,3,3,2,3,0,1,0,1,3,2,14,0,0,"Publically available sources claim that Malware to  gain remote access capabilities. To copy the uranium enriching plant so that the US could map the entire centrifuge set up.","https://www.symantec.com/content/dam/symantec/docs/security-center/white-papers/w32-duqu-11-en.pdf, https://www.mcafee.com/enterprise/en-us/threat-center/duqu.html","https://www.f-secure.com/v-descs/backdoor_w32_duqu.shtml",NA,NA,NA,NA,NA,NA
63,2630,"US","Iran","Las Vegas Sands Hack",2014-02-10,2014-02-12,4.1,1,630,1,0,1,0,0,2,1,2,0,0,"Wiper malware hits Las Vegas Sands compnay for Sheldon Adelsons comments about using nuclear weapons on Iran","https://www.bloomberg.com/news/articles/2014-12-11/iranian-hackers-hit-sheldon-adelsons-sands-casino-in-las-vegas","https://www.theverge.com/2014/12/11/7376249/iran-hacked-sands-hotel-in-february-cyberwar-adelson-israel",NA,NA,NA,NA,NA,NA
78,2652,"US","Syria","Hama visit",2011-07-09,2011-07-09,1,2,652,1,1,1,0,0,2,1,11,0,0,"Retaliation for the the visit of US Ambassador Ford to rebel stronghold in Hama early in the Syrian civil war.","https://www.theatlantic.com/international/archive/2011/07/attention-foreign-media-syrian-e-army-headed-your-way/352981/",NA,NA,NA,NA,NA,NA,NA
87,2710,"US","China","750,000 American zombies",2007-03-01,2010-09-23,2,2,710,1,0,1,0,0,2,2,2,1,0,"Widespread DDoS strikes against various targets vital to the US economy.","http://gatech.wikidot.com/chinese-zombies-in-the-u-s","http://hackspc.com/biggest-cyber-attacks-in-history/",NA,NA,NA,NA,NA,NA
88,2710,"US","China","GhostNet_A",2007-05-27,2009-08-01,3,2,710,2,0,1,0,0,4,1,11,0,0,"Data breach of state secretive information from several government networks","https://www.telegraph.co.uk/news/worldnews/asia/china/5071124/Chinas-global-cyber-espionage-network-GhostNet-penetrates-103-countries.html","https://ora.ox.ac.uk/objects/uuid:6d1260fd-b8ee-4a11-8a5f-e7708d543651/download_file?file_format=application/pdf&safe_filename=Gh0stNet.pdf&type_of_work=Report",NA,NA,NA,NA,NA,NA
89,2710,"US","China","Commerce Sec hack",2007-12-01,2007-12-05,4.2,2,710,2,0,0,0,0,3,1,11,0,0,"Data breaches of several networks containing sensitive inforamation","https://www.wired.com/2008/05/did-chinas-hack/","http://www.nbcnews.com/id/24880526/ns/us_news-security/t/did-chinese-hack-cabinet-secretarys-laptop/#.XFupB1xKiM8",NA,NA,NA,NA,NA,NA
90,2710,"US","China","2008 Campaign hack",2008-08-01,2008-08-04,3,2,710,2,0,1,0,0,1,2,11,0,0,"To assess campaign positions on China and the evolution of potential future US policy","https://thehill.com/policy/technology/304111-report-china-hacked-obama-mccain-campaigns","https://www.theguardian.com/global/2008/nov/07/obama-white-house-usa",NA,NA,NA,NA,NA,NA
91,2710,"US","China","Hikit_A",2008-09-01,2014-10-27,3,2,710,2,0,1,0,0,4,2,13,1,0,"Axiom group launches 6-year information theft campaign against multiple countries including US, Taiwan, and Japan","https://safe.menlosecurity.com/doc/docview/viewer/docN466FB4E6621B14781a1d431fc6aa9e4d5ffbe8054afe02fd2c27d51cace9995172de549a9084","https://www.fireeye.com/blog/threat-research/2012/08/hikit-rootkit-advanced-persistent-attack-techniques-part-2.html",NA,NA,NA,NA,NA,NA
92,2710,"US","China","Byzantine series",2008-10-30,2011-06-30,3,1,710,3,0,1,0,0,4,1,8,1,0,"Data theft campaign against the oil and gas sectors, targets also included lawyers pursing claims against Chinese exporters and energy companies","https://www.csoonline.com/article/2128120/social-engineering/-byzantine-hades--shows-china-s-cyber-chops.html","https://www.reuters.com/article/us-china-usa-cyberespionage/special-report-in-cyberspy-vs-cyberspy-china-has-the-edge-idUSTRE73D24220110414",NA,NA,NA,NA,NA,NA
93,2710,"US","China","FAA hack",2009-02-04,2009-02-10,3,2,710,2,0,1,0,0,3,2,15,1,0,"Chinese hack steals sensitive info from the FAA","https://www.wsj.com/articles/SB124165272826193727","https://www.crn.com/news/security/213402688/faa-computer-hacked-45000-names-accessed.htm",NA,NA,NA,NA,NA,NA
94,2710,"US","China","Seantor Nelson theft",2009-03-01,2009-03-01,3,2,710,2,0,0,0,0,2,1,11,0,0,"To access foreign policy information from a prominent Senator's network","https://miamiherald.typepad.com/nakedpolitics/2009/03/nelson-gets-hacked-and-hacked-off.html",NA,NA,NA,NA,NA,NA,NA
95,2710,"US","China","Lockheed F-35 plans stolen",2009-03-29,2009-04-01,3,1,710,3,0,1,0,0,3,1,6,1,0,"Data breach on Lockeed Martin and its F-35 fighter jet plans","http://www.cnn.com/2009/US/04/21/pentagon.hacked/","https://www.theguardian.com/technology/2014/jul/12/chinese-man-charged-with-hacking-into-us-fighter-jet-plans",NA,NA,NA,NA,NA,NA
96,2710,"US","China","Aurora",2009-06-01,2010-01-01,3,1,710,3,0,1,0,0,3,1,13,0,0,"Google hacked and breached by the Chinese PLA, Tech giant comes forward and admits; a first from the private sector","https://www.wired.com/2010/01/operation-aurora/","https://www.darkreading.com/attacks-and-breaches/google-aurora-hack-was-chinese-counterespionage-operation/d/d-id/1110060",NA,NA,NA,NA,NA,NA
97,2710,"US","China","Night Dragon",2009-11-01,2011-02-11,4.2,1,710,3,0,1,0,0,4,1,8,1,0,"Theft of oil and gas field production systems, field exploration and bidding processes for leases.","https://www.pcworld.com/article/219251/article.html","https://www.forbes.com/sites/williampentland/2011/02/19/night-dragon-attacks-target-technology-in-energy-industry/#4c8bdc4b1d49",NA,NA,NA,NA,NA,NA
98,2710,"US","China","Commerce theft",2009-11-01,2009-11-05,4.4,2,710,2,0,1,0,0,3,1,11,0,0,"Data breach of the Commerce department, sensitive information stolen","https://www.washingtonpost.com/blogs/federal-eye/post/commerce-department-agencys-network-apparently-hacked/2012/01/31/gIQAtmO6kQ_blog.html?utm_term=.59e590c6f4b1","https://abcnews.go.com/International/chinese-hack-us-chamber-commerce-authorities/story?id=15207642",NA,NA,NA,NA,NA,NA
99,2710,"US","China","Htran_A",2010-01-01,2010-02-01,4.4,2,710,2,0,1,0,1,3,1,0,0,0,"Advanced listening device root kit able to capture corporate secrets in unsecured networks","https://www.secureworks.com/research/htran, https://www.symantec.com/security-center/writeup/2011-080812-0817-99",NA,NA,NA,NA,NA,NA,NA
100,2710,"US","China","Shotgiant",2010-03-10,2013-06-13,3,1,2,4,0,1,1,0,4,2,13,1,0,"Publically available sources claim that To determine links between Huawei produced technology and PLA espionage. Secondly, to exploit Huawei technology for future offensive use","https://www.nytimes.com/2014/03/23/world/asia/nsa-breached-chinese-servers-seen-as-spy-peril.html, https://www.reuters.com/article/us-usa-security-china-nsa/nsa-infiltrates-servers-of-china-telecom-giant-huawei-report-idUSBREA2L0PD20140322","https://www.npr.org/transcripts/298335286",NA,NA,NA,NA,NA,NA
101,2710,"US","China","Dancing Panda",2010-04-01,2015-08-10,3,3,710,2,0,1,0,0,4,2,11,0,0,"Top US national security officials emails hacked and read","https://www.nbcnews.com/news/us-news/china-read-emails-top-us-officials-n406046","https://www.theguardian.com/world/2015/aug/10/chinese-national-security-officials-hack",NA,NA,NA,NA,NA,NA
102,2710,"US","China","FDIC Hack",2010-10-01,2012-02-02,3,2,710,2,0,1,0,0,2,2,9,1,0,"Data breach of the FDIC, theft of sensitive and personal informaiton","https://www.reuters.com/article/us-usa-cyber-china-exclusive-idUSKBN14C1UJ","https://money.cnn.com/2016/07/13/technology/china-fdic-hack/index.html",NA,NA,NA,NA,NA,NA
103,2710,"US","China","Intellectual Property Hack",2010-11-03,2015-06-15,3,1,710,3,0,1,0,0,3,2,4,0,0,"APT3 targets US financial and manufacturing sectors for intellectual property","https://www.justice.gov/opa/pr/us-charges-five-chinese-military-hackers-cyber-espionage-against-us-corporations-and-labor","https://www.usatoday.com/story/news/nation/2014/05/19/us-accuses-china-of-cyber-espionage/9273019/",NA,NA,NA,NA,NA,NA
104,2710,"US","China","Energy Dept hack",2011-02-01,2014-01-01,3,2,710,1,0,1,0,0,3,2,8,0,0,"Energy Dept hacked multiple times due to outdated software and patches","https://arstechnica.com/information-technology/2013/12/how-hackers-made-minced-meat-of-department-of-energy-networks/","https://www.computerworld.com/article/2983749/cybercrime-hacking/attackers-hacked-department-of-energy-159-times-in-4-years.html",NA,NA,NA,NA,NA,NA
105,2710,"US","China","Penatgon Raid",2011-03-01,2011-03-10,4.4,3,710,3,0,1,0,0,3,1,11,0,0,"Information theft campaign in the unsecured networks of the DoD","https://www.businessinsider.com/pentagon-admits-24000-files-were-hacked-declares-cyberspace-a-theater-of-war-2011-7","http://www.nydailynews.com/news/national/pentagon-hacked-24-000-files-stolen-foreign-intruders-cyber-atA78:Y78tack-article-1.156334",NA,NA,NA,NA,NA,NA
106,2710,"US","China","Operation Beebus/APT 10",2011-04-12,2013-02-07,3,1,710,3,0,1,0,0,4,2,6,1,0,"China hacks several US defense contractors and steals drone technology","https://www.fireeye.com/blog/threat-research/2013/02/operation-beebus.html","https://www.nytimes.com/2013/09/21/world/asia/hacking-us-secrets-china-pushes-for-drones.html",NA,NA,NA,NA,NA,NA
107,2710,"US","China","White House theft",2011-11-07,2011-11-08,4.4,2,710,1,0,1,0,0,3,1,11,0,0,"Signaling campaign against White House networks","https://www.dailymail.co.uk/news/article-2211230/Chinese-government-hacks-White-House-office-charge-nuclear-launch-codes.html","https://www.bbc.com/news/world-us-canada-19794745",NA,NA,NA,NA,NA,NA
108,2710,"US","China","Mofang",2012-02-04,2016-06-16,3,1,710,3,0,1,0,0,3,2,8,0,0,"Mofang RAT targets and steals information from energy companies","https://foxitsecurity.files.wordpress.com/2016/06/fox-it_mofang_threatreport_tlp-white.pdf","https://www.securityweek.com/chinese-attackers-conduct-cyberespionage-economic-gain",NA,NA,NA,NA,NA,NA
109,2710,"US","China","Penn State Engineering breach",2012-09-01,2015-05-15,3,2,710,2,0,1,0,0,3,2,17,0,0,"Personal and sensitive informaiton stolen from the Penn State College of Engineering network","https://bits.blogs.nytimes.com/2015/05/15/penn-states-college-of-engineering-hit-by-cyberattack/?mtrref=www.google.com&gwh=9D27274BDCAA774ABAA09016CBF21331&gwt=pay","https://www.nbcnews.com/tech/security/penn-state-hit-china-based-hacker-university-says-n359631",NA,NA,NA,NA,NA,NA
110,2710,"US","China","Wen Jiabao Retaliation",2012-10-26,2012-12-31,3,1,710,1,1,1,0,0,2,2,17,0,0,"Signaling data breach on the New York Times and Washington Post for publishing negative stories about then-President Wen Jiabao","https://www.nytimes.com/2013/01/31/technology/chinese-hackers-infiltrate-new-york-times-computers.html","https://www.nytimes.com/2013/02/02/technology/washington-posts-joins-list-of-media-hacked-by-the-chinese.html",NA,NA,NA,NA,NA,NA
111,2710,"US","China","Iron Tiger/APT 31",2013-01-15,2015-09-16,3,3,710,2,0,1,0,0,4,2,6,1,0,"Iron Tiger sophisticated APT information theft on US military and defense contractors","https://www.tripwire.com/state-of-security/security-data-protection/iron-tiger-data-us-firms/","https://newsroom.trendmicro.com/blog/operation-iron-tiger-attackers-shift-east-asia-united-states",NA,NA,NA,NA,NA,NA
112,2710,"US","China","Black Coffee/APT 17",2013-04-01,2015-05-12,3,1,710,2,0,1,0,0,1,2,13,1,0,"APT17 group hacks Microsoft Tech Net forum to trick users into downlowding the backdoor","https://www.fireeye.com/blog/threat-research/2015/05/hiding_in_plain_sigh.html","https://www.v3.co.uk/v3-uk/news/2408533/apt17-deputydog-hackers-are-pushing-blackcoffee-malware-using-technet",NA,NA,NA,NA,NA,NA
113,2710,"US","China","UConn Engineering Hack",2013-09-24,2015-03-09,3,2,710,2,0,1,0,0,3,2,17,0,0,"Chinese hack steals University of Connecticut's Engineering schoool's personnel and research data","https://www.courant.com/breaking-news/hc-uconn-investigating-chinese-cyber-attack-0801-20150731-story.html","https://www.businessinsurance.com/article/00010101/NEWS06/150809934/Cyber-breach-discovered-on-University-of-Connecticut-servers",NA,NA,NA,NA,NA,NA
114,2710,"US","China","CloudHopper",2014-01-01,2018-09-01,3,1,710,3,0,1,0,0,4,2,13,1,0,"APT 10 private sector breach","https://www.fbi.gov/wanted/cyber/apt-10-group","https://www.justice.gov/opa/pr/two-chinese-hackers-associated-ministry-state-security-charged-global-computer-intrusion","https://www.reuters.com/article/us-china-cyber-hpe-ibm-exclusive/exclusive-china-hacked-hpe-ibm-and-then-attacked-clients-sources-idUSKCN1OJ2OY","https://www.nasdaq.com/articles/special-report-inside-the-wests-failed-fight-against-chinas-cloud-hopper-hackers-2019-06",NA,"https://www.justice.gov/opa/pr/two-chinese-hackers-associated-ministry-state-security-charged-global-computer-intrusion",NA,"https://www.fbi.gov/wanted/cyber/apt-10-group"
115,2710,"US","China","Operation SnowMan",2014-02-01,2014-02-12,3,3,710,2,0,1,0,0,1,2,11,0,0,"Chinese hackers infiltrate VVW page to access personal info of active US military personnel","https://www.fireeye.com/blog/threat-research/2014/02/operation-snowman-deputydog-actor-compromises-us-veterans-of-foreign-wars-website.html","https://www.zdnet.com/article/new-internet-explorer-10-zero-day-exploit-targets-u-s-military/",NA,NA,NA,NA,NA,NA
116,2710,"US","China","Register.com breach",2014-03-01,2015-03-18,3,1,710,2,0,1,0,0,3,2,13,1,0,"Register.com, which manages more than 1.4 million websites for businesses world wide, steals network and employee passwords","https://in.reuters.com/article/cybersecurity-usa-china/fbi-probes-possible-china-military-link-in-cyber-attack-ft-idINKBN0ME21W20150318","https://www.bankinfosecurity.com/blogs/was-registercom-breached-p-1831",NA,NA,NA,NA,NA,NA
117,2710,"US","China","OPM Hack",2014-03-15,2015-03-17,3,2,710,3,0,1,1,0,4,2,11,0,0,"OPM hack, revealed in spring of 2015, steals personal information of 20 million people","https://www.wired.com/2016/10/inside-cyberattack-shocked-us-government/","https://www.csoonline.com/article/3318238/data-breach/the-opm-hack-explained-bad-security-practices-meet-chinas-captain-america.html",NA,NA,NA,NA,NA,NA
118,2710,"US","China","Premera Blue Cross Breach",2014-05-05,2015-01-29,3,1,710,2,0,1,0,0,3,2,12,0,0,"State-sponored Chinese data breach group steals personal information of 11 million Premera customers","https://www.computerworld.com/article/2898419/data-breach/premera-anthem-data-breaches-linked-by-similar-hacking-tactics.html","https://www.zdnet.com/article/premera-blue-cross-accused-of-destroying-evidence-in-data-breach-lawsuit/",NA,NA,NA,NA,NA,NA
119,2710,"US","China","UCLA Health system breach",2014-09-01,2015-07-25,3,1,710,2,0,1,0,0,3,2,12,0,0,"UCLA health system breach by state-sponsored Chinese group, 4.5 million personal information stolen","https://www.latimes.com/business/la-fi-ucla-medical-data-20150717-story.html","https://www.hipaajournal.com/ucla-health-system-hacked-4-5-million-patient-records-exposed-8033/",NA,NA,NA,NA,NA,NA
120,2710,"US","China","DHS employee hack",2014-11-06,2014-11-07,3,2,710,3,0,1,0,0,3,2,11,0,0,"25,000 DHS employees' information stolen from OPM, this preceded the larger April 2015 OPM hack","https://arstechnica.com/tech-policy/2014/08/hackers-stole-security-check-info-on-at-least-25000-dhs-employees/",NA,NA,NA,NA,NA,NA,NA
121,2710,"US","China","USPS breach",2014-11-08,2014-11-10,3,2,710,2,0,1,0,0,3,2,15,0,0,"Presonal informaiton of 800,000 USPS employees compromised, including PostMaster General","https://www.bankinfosecurity.com/us-postal-service-confirms-data-breach-a-7545","https://slate.com/business/2014/11/usps-data-breach-chinese-hackers-suspected-of-targeting-u-s-postal-service-in-latest-cyberattack.html",NA,NA,NA,NA,NA,NA
122,2710,"US","China","Anthem Breach",2014-12-10,2015-01-27,3,1,710,2,0,1,0,0,3,2,12,0,0,"Black Vine hacker group that does cyber-intelligence work for China steals sensitive information from health insuracne giant Anthem","https://www.computerworld.com/article/2880541/state-sponsored-chinese-hackers-suspected-in-anthem-breach.html","https://www.thedailybeast.com/chinese-suspected-in-anthem-data-breach",NA,NA,NA,NA,NA,NA
140,2731,"US","N Korea","Fourth of July_A",2009-07-04,2009-07-07,2,2,731,1,0,1,0,0,2,1,2,0,0,"Show of cyber capabilities to commemorate the 15th anniversary of the death of Kim Il Sung, and coincide with the launch of 7 new short range missiles.","https://www.csmonitor.com/Technology/Horizons/2009/0708/north-korean-hackers-blamed-for-sweeping-cyber-attack-on-us-networks","https://www.nytimes.com/2009/07/09/technology/09cyber.html?mtrref=www.google.com&gwh=446A2A35F5DC5847A2B1F4A3E31B4D00&gwt=pay",NA,NA,NA,NA,NA,NA
141,2731,"US","N Korea","NK Stuxnet",2010-03-01,2010-04-30,4.3,3,2,4,0,0,0,0,5,2,14,1,0,"Publically available sources claim that Stuxnet style worm attempted to disrupt NK's nuclear progam but ultimately could not reach its target","https://www.wired.com/2015/05/us-tried-stuxnet-north-koreas-nuclear-program/, https://www.reuters.com/article/us-usa-northkorea-stuxnet-idUSKBN0OE2DM20150529",NA,NA,NA,NA,NA,NA,NA
142,2731,"US","N Korea","March DDoS 1",2011-03-01,2011-03-04,2,2,731,1,1,1,0,0,2,1,11,0,0,"Retaliation for US - S. Korea military training drills conducted around the same time.","https://www.bbc.com/news/technology-12646052",NA,NA,NA,NA,NA,NA,NA
143,2731,"US","N Korea","December defacement",2011-12-07,2011-12-07,1,2,731,1,1,1,0,1,2,1,14,0,0,"Register displeasure at the resumption of US - S. Korea nuclear energy talks on the 5th of December, Kin Jung Il death.","https://www.channel4.com/news/officials-pay-respects-to-their-dear-leader","https://www.abc.net.au/news/2011-12-19/north-korean-leader-kim-jong-il-dead/3738526",NA,NA,NA,NA,NA,NA
144,2731,"US","N Korea","Sony Hack",2014-11-24,2014-11-25,3,2,731,4,1,1,0,0,4,1,2,0,0,"Sony Pictures, USA is breached and secretive information leaked online by the Guardians of Peace, later attibuted to the NK govt","https://www.vox.com/2015/1/20/18089084/sony-hack-north-korea","https://www.nytimes.com/2014/12/31/business/media/sony-attack-first-a-nuisance-swiftly-grew-into-a-firestorm-.html",NA,NA,NA,NA,NA,NA
159,20365,"Canada","Russia","Russian Info Swipe_B",2011-01-01,2014-07-01,3,1,365,2,0,1,0,0,3,2,8,0,0,"Russia hacks and steals sensitive information from defense contractors in US and Canada and multiple oil company Exxon Mobi and UK's BP","https://www.symantec.com/blogs/threat-intelligence/dragonfly-energy-sector-cyber-attacks",NA,NA,NA,NA,NA,NA,NA
160,20365,"Canada","Russia","CyberBerkut NATO Websites_B",2014-03-15,2014-03-27,2,3,365,1,1,1,0,0,2,1,11,0,0,"Signal NATO members to avoid intervention in Ukraine","https://motherboard.vice.com/en_us/article/jp5mxd/pro-russia-ukranians-hack-nato-websites","https://www.reuters.com/article/us-ukraine-nato/nato-websites-hit-in-cyber-attack-linked-to-crime",NA,NA,NA,NA,NA,NA
162,200365,"UK","Russia","Russian Info Swipe_C",2011-01-01,2014-07-01,3,1,365,2,0,1,0,0,4,2,6,0,0,"Russia hacks and steals sensitive information from defense contractors in US and Canada and multiple oil company Exxon Mobi and UK's BP","https://www.symantec.com/blogs/threat-intelligence/dragonfly-energy-sector-cyber-attacks",NA,NA,NA,NA,NA,NA,NA
163,200365,"UK","Russia","CyberBerkut NATO Websites_C",2014-03-15,2014-03-25,2,3,365,1,1,1,0,0,2,1,11,0,0,"Signal NATO members to avoid intervention in Ukraine","https://motherboard.vice.com/en_us/article/jp5mxd/pro-russia-ukranians-hack-nato-websites","https://www.reuters.com/article/us-ukraine-nato/nato-websites-hit-in-cyber-attack-linked-to-crimea-tension-idUSBREA2E0T320140316",NA,NA,NA,NA,NA,NA
179,255365,"Germany","Russia","German steel mill degrade_A",2014-02-03,2014-12-22,3,1,365,2,0,1,0,0,3,2,4,1,0,"Russian recon for specs of German steel mill","https://ics.sans.org/media/ICS-CPPE-case-Study-2-German-Steelworks_Facility.pdf","https://www.wired.com/2015/01/german-steel-mill-hack-destruction/",NA,NA,NA,NA,NA,NA
180,255365,"Germany","Russia","German steel mill degrade_B",2014-12-22,2014-12-24,4.2,1,365,4,0,1,0,0,5,1,4,1,0,"Destructive action against German steel mill, widespread damage reported","https://ics.sans.org/media/ICS-CPPE-case-Study-2-German-Steelworks_Facility.pdf","https://www.wired.com/2015/01/german-steel-mill-hack-destruction/",NA,NA,NA,NA,NA,NA
184,290365,"Poland","Russia","Sandworm_B",2009-01-01,2014-10-14,3,2,365,3,0,1,0,0,4,2,2,1,0,"Network intrusion (zero day exploit)","https://www.wired.com/story/russian-hacking-teams-infrastructure/","https://news.sky.com/story/russia-cyber-attacks-what-we-know-so-far-11517151",NA,NA,NA,NA,NA,NA
185,290365,"Poland","Russia","Operation Pawn Storm_A",2014-06-01,2014-06-30,3,2,365,2,0,1,0,0,3,2,11,0,0,"Backdoor intrusion in to several government networks via spear phishing","https://blog.trendmicro.com/trendlabs-security-intelligence/update-pawn-storm-new-targets-politically-motivated-campaigns/","https://fcw.com/articles/2017/04/25/critical-trendmicro-pawn-storm.aspx",NA,NA,NA,NA,NA,NA
186,290365,"Poland","Russia","CyberBerkut Polish Stock Exchange",2014-10-23,2014-10-24,1,1,365,1,1,1,0,0,2,1,11,0,0,"Limit Polish support to Ukraine","https://motherboard.vice.com/en_us/article/jp5mxd/pro-russia-ukranians-hack-nato-websites","https://www.reuters.com/article/us-ukraine-nato/nato-websites-hit-in-cyber-attack-linked-to-crimea-tension-idUSBREA2E0T320140316",NA,NA,NA,NA,NA,NA
187,365366,"Russia","Estonia","Defacement of govt websites",2007-04-27,2007-05-10,1,2,365,1,1,1,0,0,2,1,11,0,0,"Defacement of public Estonian websites as a reaction to the movement of the Bronze Soldier grave marker","https://www.wired.com/2007/08/ff-estonia/","https://www.rferl.org/a/Behind_The_Estonia_Cyberattacks/1505613.html",NA,NA,NA,NA,NA,NA
188,365366,"Russia","Estonia","Defacement of private websites",2007-04-27,2007-05-10,1,1,365,1,1,1,0,0,2,1,11,0,0,"Defacement of private Estonian websites as a reaction to the movement of the Bronze Soldier grave marker","https://www.wired.com/2007/08/ff-estonia/","https://www.rferl.org/a/Behind_The_Estonia_Cyberattacks/1505613.html",NA,NA,NA,NA,NA,NA
189,365366,"Russia","Estonia","DDoS of govt websites",2007-04-27,2007-05-10,2,2,365,4,0,1,0,0,2,1,11,0,0,"Botnet campaign against government websites as a reaction to the movement of the Bronze Soldier grave marker","https://www.wired.com/2007/08/ff-estonia/","https://www.rferl.org/a/Behind_The_Estonia_Cyberattacks/1505613.html",NA,NA,NA,NA,NA,NA
190,365366,"Russia","Estonia","DDoS of private websites",2007-04-27,2007-05-10,2,1,365,4,0,1,0,0,2,1,11,0,0,"Botnet campaign against private websites as a reaction to the movement of the Bronze Soldier grave marker","https://www.wired.com/2007/08/ff-estonia/","https://www.rferl.org/a/Behind_The_Estonia_Cyberattacks/1505613.html",NA,NA,NA,NA,NA,NA
192,365368,"Russia","Lithuania","Lithuanian Parliament_A",2008-06-28,2008-07-02,1,1,365,1,1,1,0,0,2,1,11,0,0,"Delegitimize LTH parliament","https://www.irishtimes.com/news/lithuania-accuses-russian-hackers-of-cyber-assault-after-collapse-of-over-300-websites-1.942155","https://www.nytimes.com/2008/06/30/world/europe/30iht-baltic.4.14108611.html?mtrref=www.google.com&gwh=DA101FDEB0038BD0808909A50B68AAC3&gwt=pay",NA,NA,NA,NA,NA,NA
193,365368,"Russia","Lithuania","Lithuanian Parliament_B",2008-06-28,2008-07-02,1,2,365,1,1,1,0,0,2,2,11,0,0,"Delegitimize LTH parliament","https://www.irishtimes.com/news/lithuania-accuses-russian-hackers-of-cyber-assault-after-collapse-of-over-300-websites-1.942155","https://www.nytimes.com/2008/06/30/world/europe/30iht-baltic.4.14108611.html?mtrref=www.google.com&gwh=DA101FDEB0038BD0808909A50B68AAC3&gwt=pay",NA,NA,NA,NA,NA,NA
194,365368,"Russia","Lithuania","Lithuanian Bank",2012-01-27,2012-01-28,2,1,365,1,0,1,0,0,2,1,9,0,0,"DDoS of Bank of Lithuania","https://www.lb.lt/en/news/cyber-attacks-were-used-to-interrupt-the-provision-of-the-bank-of-lithuanias-online-services",NA,NA,NA,NA,NA,NA,NA
198,365369,"Russia","Ukraine","Sandworm_C",2009-01-01,2014-10-14,3,2,365,3,0,1,0,0,2,2,8,1,0,"Network intrusion (zero day exploit)","https://www.wired.com/story/russian-hacking-teams-infrastructure/","https://news.sky.com/story/russia-cyber-attacks-what-we-know-so-far-11517151",NA,NA,NA,NA,NA,NA
234,365372,"Russia","Georgia","Georgia MOD Attack",2014-09-01,2014-10-24,3,3,365,2,1,1,0,0,3,2,11,0,0,"APT 28 group hacks Georgia MoD","https://www.lawfareblog.com/russian-apt28","https://www.fireeye.com/content/dam/fireeye-www/global/en/current-threats/pdfs/rpt-apt28.pdf",NA,NA,NA,NA,NA,NA
241,630640,"Iran","Turkey","Rocket Kitten_A",2014-05-05,2015-09-06,3,1,630,3,0,1,0,0,3,2,17,0,0,"Iranian group targeting academic instititions and NGOs","https://www.reuters.com/article/us-cyber-research/iran-linked-cyber-spies-use-simple-yet-effective-hacks-report-idUSKBN1AA1US","https://codeanddagger.com/news/2018/7/27/what-is-rocket-kitten-purported-iranian-hacking-group",NA,NA,NA,NA,NA,NA
252,630666,"Iran","Israel","Stuxnet .5_B",2007-11-01,2010-06-01,4.3,3,666,3,0,1,0,1,4,2,14,1,0,"Intrusion in the Natanz plant gathering vulnerablity information","https://www.symantec.com/connect/blogs/stuxnet-05-disrupting-uranium-processing-natanz",NA,NA,NA,NA,NA,NA,NA
253,630666,"Iran","Israel","Cast Lead Retaliation",2008-12-27,2008-12-27,2,2,630,1,0,0,0,1,2,1,13,0,0,"DDoS retaliation for Israel's Operation Cast Lead.","http://web.mit.edu/smadnick/www/wp/2017-10.pdf","https://foreignpolicy.com/2012/11/14/operation-cast-lead-2-0/",NA,NA,NA,NA,NA,NA
254,630666,"Iran","Israel","Stuxnet_B",2009-06-01,2010-10-01,4.3,3,666,4,0,1,1,1,6,2,14,1,0,"Spohisticated worm that infiltrated Iran's nuclear facilities and caused centrifuge damage, coercive measure to discourage Iranian nuclear program","https://www.wired.com/2014/11/countdown-to-zero-day-stuxnet/","https://www.csoonline.com/article/3218104/malware/what-is-stuxnet-who-created-it-and-how-does-it-work.html",NA,NA,NA,NA,NA,NA
255,630666,"Iran","Israel","Flame_B",2009-06-01,2012-12-02,4.2,3,666,3,0,1,0,1,3,2,14,0,0,"To steal and collect key information of the Iranian networks and systems that have been infected.","https://www.wired.com/2012/05/flame/",NA,NA,NA,NA,NA,NA,NA
256,630666,"Iran","Israel","Nuclear Facilities Virus",2009-07-07,2010-01-01,4.2,3,666,3,0,1,0,0,2,2,14,1,0,"To infiltrate on the nuclear systems of Iran and learn the schematics of Natanz","https://www.forbes.com/2010/10/06/iran-nuclear-computer-technology-security-stuxnet-worm.html#12962a8751e8",NA,NA,NA,NA,NA,NA,NA
257,630666,"Iran","Israel","Duqu_B",2011-09-11,2011-12-01,3,3,666,3,0,1,0,1,3,2,14,1,0,"Malware to  gain remote access capabilities. To copy the uranium enriching plant so that the US could map the entire centrifuge set up.","https://www.symantec.com/content/dam/symantec/docs/security-center/white-papers/w32-duqu-11-en.pdf",NA,NA,NA,NA,NA,NA,NA
258,630666,"Iran","Israel","Israel Infrastructure Hack",2013-03-02,2013-06-08,4.2,2,630,4,0,0,0,0,5,2,15,0,0,"Netanyahu confirms Iran has been attmpting to hack its national infrastrcuture for several months","https://www.usatoday.com/story/tech/2013/10/27/ap-exclusive-israeli-tunnel-hit-by-cyber-attack/3281133/",NA,NA,NA,NA,NA,NA,NA
259,630666,"Iran","Israel","Rocket Kitten_B",2014-05-05,2015-09-06,3,1,630,3,0,1,0,0,3,2,17,0,0,"Iranian group targeting academic instititions and NGOs","https://www.reuters.com/article/us-cyber-research/iran-linked-cyber-spies-use-simple-yet-effective-hacks-report-idUSKBN1AA1US","https://codeanddagger.com/news/2018/7/27/what-is-rocket-kitten-purported-iranian-hacking-group",NA,NA,NA,NA,NA,NA
260,630666,"Iran","Israel","Duqu 2.0",2014-06-01,2015-06-30,3,2,666,3,0,1,0,0,3,2,14,1,0,"Duqu 2.0, for Iran, Israel injected the intrusion into systems hosting the events for the P5+1 nuclear negotiations with Iran","https://resources.infosecinstitute.com/duqu-2-0-the-most-sophisticated-malware-ever-seen/#gref",NA,NA,NA,NA,NA,NA,NA
261,630666,"Iran","Israel","Iranian multiple espionage",2014-07-01,2015-06-14,3,2,630,2,0,0,0,0,1,2,13,0,0,"Iran implicated in data theft campaign that hit multiple states including Israel, Saudi Arabia, Yemen","https://www.timesofisrael.com/iran-spied-on-israel-saudi-arabia-with-major-cyberattack/","https://www.haaretz.com/israel-news/iranian-hackers-tried-to-spy-on-israelis-1.5419529",NA,NA,NA,NA,NA,NA
276,630670,"Iran","Saudi Arabia","Shamoon",2012-08-15,2012-08-16,4.1,2,630,4,0,1,0,0,6,1,8,1,0,"Shamoon wiper malware wipes the data of 30,000 Aramco oil company computers","https://www.nytimes.com/2012/10/24/business/global/cyberattack-on-saudi-oil-firm-disquiets-us.html","https://ics-cert.us-cert.gov/jsar/JSAR-12-241-01B",NA,NA,NA,NA,NA,NA
277,630670,"Iran","Saudi Arabia","RasGas Attack",2012-08-20,2012-08-21,4.1,2,630,4,0,1,0,0,6,1,8,1,0,"Encore of Shamoon, this wiper malware targeted state owned natural gas company RasGas","https://www.wired.com/2012/08/hack-attack-strikes-rasgas/","https://www.theregister.co.uk/2012/08/30/rasgas_malware_outbreak/",NA,NA,NA,NA,NA,NA
278,630670,"Iran","Saudi Arabia","Rocket Kitten_C",2014-05-05,2015-09-06,3,2,630,3,0,1,0,0,3,2,13,0,0,"Iranian group targeting high profile officials to steal sensitive info","https://www.reuters.com/article/us-cyber-research/iran-linked-cyber-spies-use-simple-yet-effective-hacks-report-idUSKBN1AA1US","https://codeanddagger.com/news/2018/7/27/what-is-rocket-kitten-purported-iranian-hacking-group",NA,NA,NA,NA,NA,NA
279,630670,"Iran","Saudi Arabia","Iranian multiple espionage",2014-07-01,2015-06-14,3,2,630,2,0,0,0,0,3,2,13,0,0,"Iran implicated in data theft campaign that hit multiple states including Israel, Saudi Arabia, Yemen","https://www.timesofisrael.com/iran-spied-on-israel-saudi-arabia-with-major-cyberattack/","https://www.haaretz.com/israel-news/iranian-hackers-tried-to-spy-on-israelis-1.5419529",NA,NA,NA,NA,NA,NA
294,660666,"Lebanon","Israel","Gauss",2011-09-01,2012-08-08,4.2,1,666,3,0,1,0,1,3,2,13,0,0,"Data theft against Lebanese critical infrastructure and national security networks","https://www.computerworld.com/article/2597456/security0/gauss-malware--nation-state-cyber-espionage-banking-trojan-related-to-flame--stuxnet.html",NA,NA,NA,NA,NA,NA,NA
298,710713,"China","Taiwan","GhostNet_B",2007-05-27,2009-08-01,3,2,710,2,0,1,0,0,4,1,11,0,0,"Data breach of networks containing state secretive information","https://www.telegraph.co.uk/news/worldnews/asia/china/5071124/Chinas-global-cyber-espionage-network-GhostNet-penetrates-103-countries.html","https://ora.ox.ac.uk/objects/uuid:6d1260fd-b8ee-4a11-8a5f-e7708d543651/download_file?file_format=application/pdf&safe_filename=Gh0stNet.pdf&type_of_work=Report",NA,NA,NA,NA,NA,NA
299,710713,"China","Taiwan","Shady RAT_B",2007-09-01,2010-01-01,3,2,710,2,0,1,0,0,4,1,11,1,0,"Targeted data theft campaigns that included the Taiwanese government and several corporations","https://www.symantec.com/connect/blogs/truth-behind-shady-rat","https://arstechnica.com/information-technology/2011/08/operation-shady-rat-five-year-hack-attack-hit-14-countries/",NA,NA,NA,NA,NA,NA
300,710713,"China","Taiwan","Hikit_B",2008-09-01,2014-10-27,3,2,710,2,0,1,0,0,4,2,11,1,0,"Axiom  group launches 6-year data theft campaign against multiple countries including US, Taiwan, and Japan","https://www.fireeye.com/blog/threat-research/2012/08/hikit-rootkit-advanced-persistent-attack-techniques-part-1.html","https://www.fireeye.com/blog/threat-research/2012/08/hikit-rootkit-advanced-persistent-attack-techniques-part-2.html",NA,NA,NA,NA,NA,NA
301,710713,"China","Taiwan","TooHash",2013-09-01,2014-11-03,3,2,713,2,0,1,0,0,3,2,3,1,0,"Taiwanese data theft campaign on the Chinese mainland, targeting telecom and space research organizations","https://countuponsecurity.com/2014/11/17/2014-campaigns-of-cyber-espionage/","https://www.globalsecuritymag.com/G-DATA-Operation-TooHash-Asian","20141105","48558.html","https://www.gdatasoftware.com/blog/2014/10/23940-operation-toohash-how-targeted-attacks-work",NA,NA,NA
312,710740,"China","Japan","Hikit_C",2008-09-01,2014-10-27,3,2,710,2,0,1,0,0,4,2,11,1,0,"Axiom group launches 6-year data theft campaign against multiple countries including US, Taiwan, and Japan","https://www.fireeye.com/blog/threat-research/2012/08/hikit-rootkit-advanced-persistent-attack-techniques-part-1.html","https://www.fireeye.com/blog/threat-research/2012/08/hikit-rootkit-advanced-persistent-attack-techniques-part-2.html",NA,NA,NA,NA,NA,NA
313,710740,"China","Japan","Icefog hack",2011-09-01,2013-09-23,3,2,710,2,0,0,0,0,3,2,6,1,0,"Chinese malware detected in several Japanese defense industry companies, Mitsubishi","https://www.reuters.com/article/us-mitsubishiheavy-computer/japans-defense-industry-hit-by-its-first-cyber-attack-idUSTRE78I0EL20110919","https://www.bbc.com/news/world-asia-pacific-14982906","https://d2538mqrb7brka.cloudfront.net/wp-content/uploads/sites/43/2018/03/20133739/icefog.pdf",NA,NA,NA,NA,NA
314,710740,"China","Japan","Parliament Hack",2011-10-25,2011-11-02,3,2,710,2,0,1,0,0,3,2,11,0,0,"Theft of sensitive information from the Japanese parliament like passwords, user ID codes","https://www.telegraph.co.uk/news/worldnews/asia/japan/8848100/Japan-parliament-hit-by-China-based-cyber-attack.html",NA,NA,NA,NA,NA,NA,NA
315,710740,"China","Japan","Senkaku Island Dispute",2012-09-14,2012-09-17,2,2,710,4,1,0,0,0,2,1,11,0,0,"Response to Japanese authorities over the capture of Chinese fisherman. Chinese claim of Sekaku Islands in E China Sea","https://d2538mqrb7brka.cloudfront.net/wp-content/uploads/sites/43/2018/03/20133739/icefog.pdf","https://freebeacon.com/politics/cyber-blitz/","https://freebeacon.com/politics/cyber-blitz/",NA,NA,NA,NA,NA
316,710740,"China","Japan","Blue Termite",2014-08-11,2015-08-06,3,2,710,1,0,1,0,0,3,2,9,1,0,"Japanese pension database hacked, other govt networks","https://www.securityweek.com/blue-termite-apt-targets-japanese-organizations",NA,NA,NA,NA,NA,NA,NA
323,710750,"China","India","GhostNet_C",2007-05-27,2009-08-01,3,2,710,2,0,1,0,0,3,2,11,1,0,"Data breach of state secretive information from several government networks","https://www.telegraph.co.uk/news/worldnews/asia/china/5071124/Chinas-global-cyber-espionage-network-GhostNet-penetrates-103-countries.html","https://ora.ox.ac.uk/objects/uuid:6d1260fd-b8ee-4a11-8a5f-e7708d543651/download_file?file_format=application/pdf&safe_filename=Gh0stNet.pdf&type_of_work=Report",NA,NA,NA,NA,NA,NA
324,710750,"China","India","Shady RAT_C",2007-07-01,2010-01-01,3,2,710,2,0,1,0,0,3,2,11,1,0,"Multiple targeted data breaches that included the Indian government and several corporations","https://www.symantec.com/connect/blogs/truth-behind-shady-rat","https://arstechnica.com/information-technology/2011/08/operation-shady-rat-five-year-hack-attack-hit-14-countries/",NA,NA,NA,NA,NA,NA
325,710750,"China","India","Territory attack_A",2009-02-17,2015-05-30,3,2,710,3,0,1,0,0,3,2,11,0,0,"APT30 group disrupts, corrupts, and steals infor from governments in dispute with SCS territoriality","https://www.fireeye.com/blog/threat-research/2015/04/apt_30_and_the_mecha.html","https://techcrunch.com/2015/04/12/fireeye-apt-30-southeast-asia-india-report/",NA,NA,NA,NA,NA,NA
326,710750,"China","India","Prime Minister's office hacked and info stolen",2009-12-15,2009-12-15,3,2,710,2,0,1,0,0,3,2,11,0,0,"To access and to control the computer of the PM remotely and to download and delete files.","http://www.indiandefencereview.com/spotlights/chinas-cyber-capabilities/","https://www.indiatoday.in/magazine/special-report/story/20121105-cyberspace-china-india-760345-1999-11-30",NA,NA,NA,NA,NA,NA
327,710750,"China","India","Indian MoD hack",2010-04-02,2010-04-07,4.2,3,710,2,0,1,0,0,3,1,11,0,0,"Data breach of  government networks, namely the Headquarters of the Indian Army's Eastern Sector formations.","https://www.scribd.com/doc/29493199/Shadows-in-the-Cloud-20100406","https://www.indiastrategic.in/topstories570.htm",NA,NA,NA,NA,NA,NA
328,710750,"China","India","Mofang",2012-02-04,2016-06-16,3,1,710,3,0,1,0,0,3,2,8,1,0,"Mofang RAT targets and steals information from energy companies","https://foxitsecurity.files.wordpress.com/2016/06/fox-it_mofang_threatreport_tlp-white.pdf","https://www.securityweek.com/chinese-attackers-conduct-cyberespionage-economic-gain",NA,NA,NA,NA,NA,NA
329,710750,"China","India","Nidiran",2014-04-01,2016-06-01,3,3,710,3,0,1,0,0,3,2,13,1,0,"Suckfly APT group targeting Indian military and defense contractor networks","https://exchange.xforce.ibmcloud.com/collection/Suckfly-APT-aa8af56fd12d25c98fc49ca5341160ab",NA,NA,NA,NA,NA,NA,NA
334,710816,"China","Vietnam","Shady RAT_D",2007-03-01,2010-01-01,3,2,710,2,0,1,0,1,3,2,11,1,0,"Multiple data breaches of government and several corparations","https://www.symantec.com/connect/blogs/truth-behind-shady-rat","https://arstechnica.com/information-technology/2011/08/operation-shady-rat-five-year-hack-attack-hit-14-countries/",NA,NA,NA,NA,NA,NA
335,710816,"China","Vietnam","Territory attack_B",2009-02-17,2015-05-30,3,2,710,3,0,1,0,0,3,2,11,0,0,"APT30 group steals infor from governments in dispute with SCS territoriality","https://www.fireeye.com/blog/threat-research/2015/04/apt_30_and_the_mecha.html","https://techcrunch.com/2015/04/12/fireeye-apt-30-southeast-asia-india-report/",NA,NA,NA,NA,NA,NA
336,710816,"China","Vietnam","Spratly Island dispute",2011-06-03,2011-06-06,4.2,2,710,1,1,1,0,1,3,1,11,0,0,"Chinese territorial claim cyber action after the dispute over the Spratly/Nansha Islands","https://www.bbc.com/news/world-asia-pacific-13707921",NA,NA,NA,NA,NA,NA,NA
345,710840,"China","Philippines","Territory attack_C",2009-02-17,2015-05-30,3,2,710,3,0,1,0,0,3,2,11,0,0,"APT30 group steals infor from governments in dispute with SCS territoriality","https://www.fireeye.com/blog/threat-research/2015/04/apt_30_and_the_mecha.html","https://techcrunch.com/2015/04/12/fireeye-apt-30-southeast-asia-india-report/",NA,NA,NA,NA,NA,NA
346,710840,"China","Philippines","Hellsing disrutions",2009-02-17,2015-05-30,3,2,710,1,0,1,0,0,4,1,17,0,0,"Hellsing APT group launches widespread disruptions and corruption of data over SCS disputes","https://securityaffairs.co/wordpress/36002/cyber-crime/hellsing-apt-on-apt-attack.html",NA,NA,NA,NA,NA,NA,NA
347,710840,"China","Philippines","Philippines hack",2009-03-28,2009-03-30,3,2,710,2,0,1,0,0,3,3,11,0,0,"To steal secretive infomration from the Philippines government","http://www.cnn.com/2009/TECH/03/30/ghostnet.cyber.espionage/index.html","https://www.philstar.com/headlines/2009/03/31/453431/doj-alarmed-over-reported-hacking-dfa-computers",NA,NA,NA,NA,NA,NA
356,731732,"N Korea","S Korea","Third Army Command breach",2007-03-05,2008-09-02,4.2,3,731,3,0,1,0,0,1,1,1,1,0,"NK steals secret toxic chemical data","http://www.keia.org/sites/default/files/publications/kei_aps_mansourov_final.pdf",NA,NA,NA,NA,NA,NA,NA
357,731732,"N Korea","S Korea","Dark Hotel_A",2008-01-01,2014-11-09,4.2,2,732,2,0,1,0,0,4,2,11,1,0,"Information theft from South Korea that targeted executives working in the nuclear industry","https://attack.mitre.org/groups/G0012/","https://www.wired.com/2014/11/darkhotel-malware/","https://www.trendmicro.com/vinfo/pl/security/news/cybercrime-and-digital-threats/darkhotel-malware-emphasizes-the-importance-of-using-secure-networks-while-travelling",NA,NA,NA,NA,NA
361,731732,"N Korea","S Korea","Anti-Kim",2011-01-04,2011-01-10,1,2,732,1,1,1,0,0,2,1,11,0,0,"Disruptive action on the birthday of Kim Jong-Un","http://www.washingtonpost.com/wp-dyn/content/article/2011/01/08/AR2011010801155.html",NA,NA,NA,NA,NA,NA,NA
363,731732,"N Korea","S Korea","March DDoS 2",2011-03-07,2011-03-08,2,1,731,1,0,1,0,0,2,1,11,0,0,"Disruptive event during the US-S. Korea joint military training drills.","https://www.bbc.com/news/technology-12646052",NA,NA,NA,NA,NA,NA,NA
364,731732,"N Korea","S Korea","Bank shut down",2011-04-03,2011-04-03,4.2,1,731,4,0,1,0,0,2,1,9,1,0,"Data breaches on SK private networks on Kim Il Sung's birthday","https://www.bbc.com/news/world-asia-pacific-13263888",NA,NA,NA,NA,NA,NA,NA
365,731732,"N Korea","S Korea","June DDoS",2011-06-07,2011-06-07,2,1,731,1,0,1,0,0,2,1,9,1,0,"DDoS on government networks in advance of general and Presidential election.","https://www.washingtonpost.com/world/national-security/suspected-north-korean-cyber-attack-on-a-bank-raises-fears-for-s-korea-allies/2011/08/07/gIQAvWwIoJ_story.html?utm_term=.fdd5a2f6b760",NA,NA,NA,NA,NA,NA,NA
366,731732,"N Korea","S Korea","December defacement",2011-12-07,2011-12-07,1,2,731,1,1,1,0,1,2,1,2,0,0,"Disruptive events at the resumption of US-S. Korea nuclear energy talks on the 5th of December.","https://thenextweb.com/asia/2011/12/19/s-korea-issues-cyber-threat-warning-following-death-of-kim-jong-il/","https://www.nytimes.com/2017/10/15/world/asia/north-korea-hacking-cyber-sony.html",NA,NA,NA,NA,NA,NA
367,731732,"N Korea","S Korea","Telecom shut down",2011-12-20,2011-12-20,3,1,731,1,0,1,0,0,2,1,2,0,0,"Data breaches on the SK private sector during the mourning period of Kim Jung Il's death","https://thenextweb.com/asia/2011/12/19/s-korea-issues-cyber-threat-warning-following-death-of-kim-jong-il/","https://www.nytimes.com/2017/10/15/world/asia/north-korea-hacking-cyber-sony.html",NA,NA,NA,NA,NA,NA
368,731732,"N Korea","S Korea","Dark Seoul",2013-01-26,2013-03-20,3,1,731,2,0,1,0,0,3,2,9,1,0,"Espionage portion of Operation Troy, RAT installed in SK media and bank networks","https://threatpost.com/tag/dark-seoul-apt/","https://www.darkreading.com/attacks-breaches/north-korean-apt-group-employed-rare-zero-day-attack/d/d-id/1331011",NA,NA,NA,NA,NA,NA
369,731732,"N Korea","S Korea","Operation Troy",2013-03-20,2013-03-20,4.1,1,731,4,0,1,0,0,4,1,9,0,0,"Wiper malware erases or corrupts data in SK banks and media networks","https://www.helpnetsecurity.com/2013/07/08/dissecting-operation-troy-cyberespionage-in-south-korea/","https://securingtomorrow.mcafee.com/other-blogs/executive-perspectives/operation-troy-openioc-release/",NA,NA,NA,NA,NA,NA
370,731732,"N Korea","S Korea","OpTroy Defense Contractor breach",2013-04-04,2016-02-15,4.2,3,731,3,0,1,0,0,4,2,9,0,0,"Operation Troy targets defense contractors, including blueprint for F-15","https://www.helpnetsecurity.com/2013/07/08/dissecting-operation-troy-cyberespionage-in-south-korea/","https://securingtomorrow.mcafee.com/other-blogs/executive-perspectives/operation-troy-openioc-release/",NA,NA,NA,NA,NA,NA
371,731732,"N Korea","S Korea","OnionDog",2013-10-20,2016-03-09,3,1,731,3,0,1,0,0,3,2,8,0,0,"SK energy and transportation sectors breached by Lazaraus Group-type code","https://www.prnewswire.com/news-releases/onion-dog-a-3-year-old-apt-focused-on-the-energy-and-transportation-industries-in-korean-language-countries-is-exposed-by-360-300232441.html","https://www.360.net/assets/doc/apt_report/en/OPERATION%20ONIONDOG%20%E2%80%93Disclosing%20Targeted%20Attacks%20on%20Government.pdf",NA,NA,NA,NA,NA,NA
372,731732,"N Korea","S Korea","OD disrupt",2013-10-20,2016-03-09,2,1,731,1,1,1,0,0,4,1,15,0,0,"Intermittent disrutptions of SK energy and transportation sectors","https://www.prnewswire.com/news-releases/onion-dog-a-3-year-old-apt-focused-on-the-energy-and-transportation-industries-in-korean-language-countries-is-exposed-by-360-300232441.html","https://www.360.net/assets/doc/apt_report/en/OPERATION%20ONIONDOG%20%E2%80%93Disclosing%20Targeted%20Attacks%20on%20Government.pdf",NA,NA,NA,NA,NA,NA
394,731740,"N Korea","Japan","Fourth of July_C",2009-07-04,2009-07-07,2,2,731,1,0,1,0,0,2,1,11,0,0,"DDoS disruptive events on governmental and private websites.","https://www.csmonitor.com/Technology/Horizons/2009/0708/north-korean-hackers-blamed-for-sweeping-cyber-attack-on-us-networks","https://www.nytimes.com/2009/07/09/technology/09cyber.html?mtrref=www.google.com&gwh=446A2A35F5DC5847A2B1F4A3E31B4D00&gwt=pay",NA,NA,NA,NA,NA,NA
400,732740,"S Korea","Japan","Dark Hotel_B",2008-01-01,2014-11-09,3,2,732,2,0,1,0,0,4,2,12,1,0,"Information theft from South Korea that targeted executives working in the nuclear industry","https://attack.mitre.org/groups/G0012/","https://www.wired.com/2014/11/darkhotel-malware/","https://www.trendmicro.com/vinfo/pl/security/news/cybercrime-and-digital-threats/darkhotel-malware-emphasizes-the-importance-of-using-secure-networks-while-travelling",NA,NA,NA,NA,NA
401,732740,"S Korea","Japan","SK hack",2010-03-01,2010-03-01,2,2,732,1,1,1,0,0,2,1,11,0,0,"DDoS commemoration of Korean Independence Day","https://www.refworld.org/pdfid/4d3025492.pdf","https://www.akamai.com/cn/zh/multimedia/documents/state-of-the-internet/akamai-q1-2008-state-of-the-internet-connectivity-report.pdf",NA,NA,NA,NA,NA,NA
403,732740,"S Korea","Japan","Earthquake hack",2011-03-11,2011-03-14,3,2,732,2,0,1,0,1,3,1,11,0,0,"Data breaches during network vulneralbility in the aftermath of earthquake","https://us-cert.cisa.gov/ncas/current-activity/2011/03/11/Japan-Earthquake-and-Tsunami-Disaster-Email-Scams-Fake-Antivirus","http://www.spamfighter.com/News-16051-Japanese-Earthquake-Paves-Way-for-Several-Kinds-of-Cyber-Attacks.htm","https://www.siliconrepublic.com/enterprise/cyber-criminals-exploit-japan-earthquake-with-seo-attacks",NA,NA,NA,NA,NA
414,750770,"India","Pakistan","ICID defacement",2011-10-01,2011-10-01,1,2,770,1,1,1,0,0,2,1,11,0,0,"Retaliation for the deaths of civilians in Jammu and Kashmir in Indian security crackdown.","https://www.researchgate.net/publication/326866504_Regional_rivalry_between_India-Pakistan_tit-for-tat_in_cyberspace",NA,NA,NA,NA,NA,NA,NA
415,750770,"India","Pakistan","2016 Crimson RAT",2012-06-01,2016-02-11,3,3,770,3,0,1,0,0,3,2,11,0,0,"Pakistan phishing attempts against Indian Military","https://www.proofpoint.com/sites/default/files/proofpoint-operation-transparent-tribe-threat-insight-en.pdf","https://www.bleepingcomputer.com/news/security/nation-backed-hackers-spread-crimson-rat-via-coronavirus-phishing/",NA,NA,NA,NA,NA,NA
416,750770,"India","Pakistan","Tranchulas incident",2013-02-01,2013-07-02,4.2,3,770,2,0,1,0,0,3,1,11,1,0,"Retaliatory event coinciding with the wider upsurge in hostilities in response to the ceasefire violations in Kashmir","https://threatconnect.com/blog/where-there-is-smoke-there-is-fire-south-asian-cyber-espionage-heats-up/","https://www.darkreading.com/attacks-breaches/pakistan-the-latest-cyberspying-nation/d/d-id/1298109",NA,NA,NA,NA,NA,NA
417,750770,"India","Pakistan","Telenor Pakistan incident",2013-03-17,2013-03-17,4.2,1,750,2,0,1,0,0,3,1,3,0,0,"Escalatory event coinciding with the wider upsurge in hostilities in response to the ceasefire violations in Kashmir","http://digitalrightsmonitor.pk/telenor-pakistan-comes-under-a-cyber-attack-the-extent-of-damage-remains-unclear/","https://www.pcworld.com/article/2039257/attack-on-telenor-was-part-of-large-cyberespionage-operation-with-indian-origins-report-says.html",NA,NA,NA,NA,NA,NA
418,750770,"India","Pakistan","Seedoor phishing",2013-12-15,2016-03-17,3,3,770,3,0,1,0,0,3,2,11,0,0,"Phishing campaing on Indian Defense networks","https://tech.economictimes.indiatimes.com/news/internet/suspected-pakistani-cyber-attack-uses-surveillance-malware-against-indian-and-pakistani-entities-fireeye/51431822","https://www.hindustantimes.com/tech/pak-based-cyber-attack-of-use-phishing-to-target-indian-defence-sites/story-6nFi8D2FzFiOi45jN84bFO.html",NA,NA,NA,NA,NA,NA
419,750770,"India","Pakistan","Press Club of India hack",2014-10-08,2014-10-10,1,1,770,1,1,1,0,0,2,1,2,0,0,"Defacement of PCI website","https://www.indiatoday.in/india/story/hackers-post-anti-modi-comments-on-press-club-of-indias-website-209307-2014-10-09","https://www.gadgetsnow.com/tech-news/Hackers-from-India-Pakistan-in-full-blown-online-war/articleshow/44766898.cms",NA,NA,NA,NA,NA,NA
420,750770,"India","Pakistan","Pakistan People's Party hack",2014-10-09,2014-10-10,1,1,750,1,1,1,0,0,2,1,11,0,0,"Defacement of PPP networks","https://thehackernews.com/2014/10/Bilawal-Bhutto-Pakistan-peoples-party-hacked.html","https://www.pakistanpressfoundation.org/tag/ppp-website-hacked/",NA,NA,NA,NA,NA,NA
